recom_num,title
4,app开发：模拟服务器数据接口 - MockApi
34,记录服务上线一年来的点点滴滴
27,架构随聊
41,谈谈敏捷开发
73,最近帮客户实施的基于SQL Server AlwaysOn跨机房切换项目
116,单点登录原理与简单实现
24,即时通信服务器架构的一些思考
30,自定义基于 VLC 的视频播放器
47,使用浏览器的计算力，对抗密码破解
31,Vue.js 和 MVVM 的小细节
24,编辑器背后的程序观
144,ASP.NET Core 之 Identity 入门（一）
171,随谈10年的技术生涯和技术成长
195,C# 在腾讯的发展
27,可信前端之路-代码保护
94,那些年搞不懂的术语、概念：协变、逆变、不变体
12,webp图片实践之路
11,.NET Core中的认证管理解析
152,先说IEnumerable，我们每天用的foreach你真的懂它吗？
475,你必须知道的EF知识和经验
4,app开发：模拟服务器数据接口 - MockApi
34,记录服务上线一年来的点点滴滴
27,架构随聊
41,谈谈敏捷开发
73,最近帮客户实施的基于SQL Server AlwaysOn跨机房切换项目
116,单点登录原理与简单实现
24,即时通信服务器架构的一些思考
4,app开发：模拟服务器数据接口 - MockApi
34,记录服务上线一年来的点点滴滴
27,架构随聊
41,谈谈敏捷开发
73,最近帮客户实施的基于SQL Server AlwaysOn跨机房切换项目
116,单点登录原理与简单实现
4,app开发：模拟服务器数据接口 - MockApi
34,记录服务上线一年来的点点滴滴
27,架构随聊
41,谈谈敏捷开发
73,最近帮客户实施的基于SQL Server AlwaysOn跨机房切换项目
116,单点登录原理与简单实现
24,即时通信服务器架构的一些思考
30,自定义基于 VLC 的视频播放器
47,使用浏览器的计算力，对抗密码破解
31,Vue.js 和 MVVM 的小细节
24,编辑器背后的程序观
144,ASP.NET Core 之 Identity 入门（一）
171,随谈10年的技术生涯和技术成长
195,C# 在腾讯的发展
27,可信前端之路-代码保护
94,那些年搞不懂的术语、概念：协变、逆变、不变体
24,即时通信服务器架构的一些思考
30,自定义基于 VLC 的视频播放器
47,使用浏览器的计算力，对抗密码破解
31,Vue.js 和 MVVM 的小细节
24,编辑器背后的程序观
144,ASP.NET Core 之 Identity 入门（一）
171,随谈10年的技术生涯和技术成长
195,C# 在腾讯的发展
30,自定义基于 VLC 的视频播放器
47,使用浏览器的计算力，对抗密码破解
31,Vue.js 和 MVVM 的小细节
24,编辑器背后的程序观
144,ASP.NET Core 之 Identity 入门（一）
171,随谈10年的技术生涯和技术成长
195,C# 在腾讯的发展
27,可信前端之路-代码保护
94,那些年搞不懂的术语、概念：协变、逆变、不变体
4,app开发：模拟服务器数据接口 - MockApi
34,记录服务上线一年来的点点滴滴
27,架构随聊
41,谈谈敏捷开发
73,最近帮客户实施的基于SQL Server AlwaysOn跨机房切换项目
116,单点登录原理与简单实现
24,即时通信服务器架构的一些思考
12,webp图片实践之路
11,.NET Core中的认证管理解析
152,先说IEnumerable，我们每天用的foreach你真的懂它吗？
475,你必须知道的EF知识和经验
27,可信前端之路-代码保护
94,那些年搞不懂的术语、概念：协变、逆变、不变体
12,webp图片实践之路
11,.NET Core中的认证管理解析
152,先说IEnumerable，我们每天用的foreach你真的懂它吗？
475,你必须知道的EF知识和经验
4,app开发：模拟服务器数据接口 - MockApi
34,记录服务上线一年来的点点滴滴
27,架构随聊
41,谈谈敏捷开发
73,最近帮客户实施的基于SQL Server AlwaysOn跨机房切换项目
116,单点登录原理与简单实现
12,webp图片实践之路
11,.NET Core中的认证管理解析
152,先说IEnumerable，我们每天用的foreach你真的懂它吗？
475,你必须知道的EF知识和经验
4,app开发：模拟服务器数据接口 - MockApi
34,记录服务上线一年来的点点滴滴
27,架构随聊
41,谈谈敏捷开发
73,最近帮客户实施的基于SQL Server AlwaysOn跨机房切换项目
116,单点登录原理与简单实现
30,自定义基于 VLC 的视频播放器
47,使用浏览器的计算力，对抗密码破解
31,Vue.js 和 MVVM 的小细节
24,编辑器背后的程序观
144,ASP.NET Core 之 Identity 入门（一）
171,随谈10年的技术生涯和技术成长
195,C# 在腾讯的发展
27,可信前端之路-代码保护
94,那些年搞不懂的术语、概念：协变、逆变、不变体
12,webp图片实践之路
4,app开发：模拟服务器数据接口 - MockApi
34,记录服务上线一年来的点点滴滴
27,架构随聊
41,谈谈敏捷开发
73,最近帮客户实施的基于SQL Server AlwaysOn跨机房切换项目
116,单点登录原理与简单实现
24,即时通信服务器架构的一些思考
4,app开发：模拟服务器数据接口 - MockApi
34,记录服务上线一年来的点点滴滴
27,架构随聊
41,谈谈敏捷开发
73,最近帮客户实施的基于SQL Server AlwaysOn跨机房切换项目
116,单点登录原理与简单实现
24,即时通信服务器架构的一些思考
4,app开发：模拟服务器数据接口 - MockApi
34,记录服务上线一年来的点点滴滴
27,架构随聊
41,谈谈敏捷开发
73,最近帮客户实施的基于SQL Server AlwaysOn跨机房切换项目
116,单点登录原理与简单实现
24,即时通信服务器架构的一些思考
24,即时通信服务器架构的一些思考
30,自定义基于 VLC 的视频播放器
47,使用浏览器的计算力，对抗密码破解
31,Vue.js 和 MVVM 的小细节
24,编辑器背后的程序观
144,ASP.NET Core 之 Identity 入门（一）
171,随谈10年的技术生涯和技术成长
195,C# 在腾讯的发展
27,可信前端之路-代码保护
94,那些年搞不懂的术语、概念：协变、逆变、不变体
4,app开发：模拟服务器数据接口 - MockApi
34,记录服务上线一年来的点点滴滴
27,架构随聊
41,谈谈敏捷开发
73,最近帮客户实施的基于SQL Server AlwaysOn跨机房切换项目
116,单点登录原理与简单实现
24,即时通信服务器架构的一些思考
24,即时通信服务器架构的一些思考
30,自定义基于 VLC 的视频播放器
47,使用浏览器的计算力，对抗密码破解
31,Vue.js 和 MVVM 的小细节
24,编辑器背后的程序观
144,ASP.NET Core 之 Identity 入门（一）
171,随谈10年的技术生涯和技术成长
195,C# 在腾讯的发展
27,可信前端之路-代码保护
94,那些年搞不懂的术语、概念：协变、逆变、不变体
11,.NET Core中的认证管理解析
152,先说IEnumerable，我们每天用的foreach你真的懂它吗？
475,你必须知道的EF知识和经验
4,app开发：模拟服务器数据接口 - MockApi
34,记录服务上线一年来的点点滴滴
27,架构随聊
41,谈谈敏捷开发
73,最近帮客户实施的基于SQL Server AlwaysOn跨机房切换项目
116,单点登录原理与简单实现
30,自定义基于 VLC 的视频播放器
47,使用浏览器的计算力，对抗密码破解
31,Vue.js 和 MVVM 的小细节
24,编辑器背后的程序观
144,ASP.NET Core 之 Identity 入门（一）
171,随谈10年的技术生涯和技术成长
195,C# 在腾讯的发展
27,可信前端之路-代码保护
94,那些年搞不懂的术语、概念：协变、逆变、不变体
12,webp图片实践之路
4,app开发：模拟服务器数据接口 - MockApi
34,记录服务上线一年来的点点滴滴
27,架构随聊
41,谈谈敏捷开发
73,最近帮客户实施的基于SQL Server AlwaysOn跨机房切换项目
116,单点登录原理与简单实现
24,即时通信服务器架构的一些思考
30,自定义基于 VLC 的视频播放器
47,使用浏览器的计算力，对抗密码破解
31,Vue.js 和 MVVM 的小细节
24,编辑器背后的程序观
144,ASP.NET Core 之 Identity 入门（一）
171,随谈10年的技术生涯和技术成长
195,C# 在腾讯的发展
27,可信前端之路-代码保护
94,那些年搞不懂的术语、概念：协变、逆变、不变体
12,webp图片实践之路
30,自定义基于 VLC 的视频播放器
47,使用浏览器的计算力，对抗密码破解
31,Vue.js 和 MVVM 的小细节
24,编辑器背后的程序观
144,ASP.NET Core 之 Identity 入门（一）
171,随谈10年的技术生涯和技术成长
195,C# 在腾讯的发展
27,可信前端之路-代码保护
94,那些年搞不懂的术语、概念：协变、逆变、不变体
12,webp图片实践之路
12,webp图片实践之路
11,.NET Core中的认证管理解析
152,先说IEnumerable，我们每天用的foreach你真的懂它吗？
475,你必须知道的EF知识和经验
4,app开发：模拟服务器数据接口 - MockApi
34,记录服务上线一年来的点点滴滴
27,架构随聊
41,谈谈敏捷开发
73,最近帮客户实施的基于SQL Server AlwaysOn跨机房切换项目
116,单点登录原理与简单实现
24,即时通信服务器架构的一些思考
30,自定义基于 VLC 的视频播放器
47,使用浏览器的计算力，对抗密码破解
31,Vue.js 和 MVVM 的小细节
24,编辑器背后的程序观
144,ASP.NET Core 之 Identity 入门（一）
171,随谈10年的技术生涯和技术成长
195,C# 在腾讯的发展
27,可信前端之路-代码保护
94,那些年搞不懂的术语、概念：协变、逆变、不变体
12,webp图片实践之路
12,webp图片实践之路
11,.NET Core中的认证管理解析
152,先说IEnumerable，我们每天用的foreach你真的懂它吗？
475,你必须知道的EF知识和经验
24,即时通信服务器架构的一些思考
30,自定义基于 VLC 的视频播放器
47,使用浏览器的计算力，对抗密码破解
31,Vue.js 和 MVVM 的小细节
24,编辑器背后的程序观
144,ASP.NET Core 之 Identity 入门（一）
171,随谈10年的技术生涯和技术成长
195,C# 在腾讯的发展
27,可信前端之路-代码保护
94,那些年搞不懂的术语、概念：协变、逆变、不变体
11,.NET Core中的认证管理解析
152,先说IEnumerable，我们每天用的foreach你真的懂它吗？
475,你必须知道的EF知识和经验
30,自定义基于 VLC 的视频播放器
47,使用浏览器的计算力，对抗密码破解
31,Vue.js 和 MVVM 的小细节
24,编辑器背后的程序观
144,ASP.NET Core 之 Identity 入门（一）
171,随谈10年的技术生涯和技术成长
195,C# 在腾讯的发展
27,可信前端之路-代码保护
94,那些年搞不懂的术语、概念：协变、逆变、不变体
12,webp图片实践之路
11,.NET Core中的认证管理解析
152,先说IEnumerable，我们每天用的foreach你真的懂它吗？
475,你必须知道的EF知识和经验
4,app开发：模拟服务器数据接口 - MockApi
34,记录服务上线一年来的点点滴滴
27,架构随聊
41,谈谈敏捷开发
73,最近帮客户实施的基于SQL Server AlwaysOn跨机房切换项目
116,单点登录原理与简单实现
24,即时通信服务器架构的一些思考
4,app开发：模拟服务器数据接口 - MockApi
34,记录服务上线一年来的点点滴滴
27,架构随聊
41,谈谈敏捷开发
73,最近帮客户实施的基于SQL Server AlwaysOn跨机房切换项目
116,单点登录原理与简单实现
24,即时通信服务器架构的一些思考
4,app开发：模拟服务器数据接口 - MockApi
34,记录服务上线一年来的点点滴滴
27,架构随聊
41,谈谈敏捷开发
73,最近帮客户实施的基于SQL Server AlwaysOn跨机房切换项目
116,单点登录原理与简单实现
24,即时通信服务器架构的一些思考
11,.NET Core中的认证管理解析
152,先说IEnumerable，我们每天用的foreach你真的懂它吗？
475,你必须知道的EF知识和经验
4,app开发：模拟服务器数据接口 - MockApi
34,记录服务上线一年来的点点滴滴
27,架构随聊
41,谈谈敏捷开发
73,最近帮客户实施的基于SQL Server AlwaysOn跨机房切换项目
116,单点登录原理与简单实现
24,即时通信服务器架构的一些思考
4,app开发：模拟服务器数据接口 - MockApi
34,记录服务上线一年来的点点滴滴
27,架构随聊
41,谈谈敏捷开发
73,最近帮客户实施的基于SQL Server AlwaysOn跨机房切换项目
116,单点登录原理与简单实现
24,即时通信服务器架构的一些思考
4,app开发：模拟服务器数据接口 - MockApi
34,记录服务上线一年来的点点滴滴
27,架构随聊
41,谈谈敏捷开发
73,最近帮客户实施的基于SQL Server AlwaysOn跨机房切换项目
116,单点登录原理与简单实现
24,即时通信服务器架构的一些思考
30,自定义基于 VLC 的视频播放器
47,使用浏览器的计算力，对抗密码破解
31,Vue.js 和 MVVM 的小细节
24,编辑器背后的程序观
144,ASP.NET Core 之 Identity 入门（一）
171,随谈10年的技术生涯和技术成长
195,C# 在腾讯的发展
27,可信前端之路-代码保护
94,那些年搞不懂的术语、概念：协变、逆变、不变体
12,webp图片实践之路
11,.NET Core中的认证管理解析
152,先说IEnumerable，我们每天用的foreach你真的懂它吗？
475,你必须知道的EF知识和经验
12,webp图片实践之路
11,.NET Core中的认证管理解析
152,先说IEnumerable，我们每天用的foreach你真的懂它吗？
475,你必须知道的EF知识和经验
11,.NET Core中的认证管理解析
152,先说IEnumerable，我们每天用的foreach你真的懂它吗？
475,你必须知道的EF知识和经验
30,自定义基于 VLC 的视频播放器
47,使用浏览器的计算力，对抗密码破解
31,Vue.js 和 MVVM 的小细节
24,编辑器背后的程序观
144,ASP.NET Core 之 Identity 入门（一）
171,随谈10年的技术生涯和技术成长
195,C# 在腾讯的发展
27,可信前端之路-代码保护
94,那些年搞不懂的术语、概念：协变、逆变、不变体
12,webp图片实践之路
11,.NET Core中的认证管理解析
30,自定义基于 VLC 的视频播放器
47,使用浏览器的计算力，对抗密码破解
31,Vue.js 和 MVVM 的小细节
24,编辑器背后的程序观
144,ASP.NET Core 之 Identity 入门（一）
171,随谈10年的技术生涯和技术成长
195,C# 在腾讯的发展
27,可信前端之路-代码保护
94,那些年搞不懂的术语、概念：协变、逆变、不变体
12,webp图片实践之路
11,.NET Core中的认证管理解析
30,自定义基于 VLC 的视频播放器
47,使用浏览器的计算力，对抗密码破解
31,Vue.js 和 MVVM 的小细节
24,编辑器背后的程序观
144,ASP.NET Core 之 Identity 入门（一）
171,随谈10年的技术生涯和技术成长
195,C# 在腾讯的发展
27,可信前端之路-代码保护
94,那些年搞不懂的术语、概念：协变、逆变、不变体
12,webp图片实践之路
11,.NET Core中的认证管理解析
30,自定义基于 VLC 的视频播放器
47,使用浏览器的计算力，对抗密码破解
31,Vue.js 和 MVVM 的小细节
24,编辑器背后的程序观
144,ASP.NET Core 之 Identity 入门（一）
171,随谈10年的技术生涯和技术成长
195,C# 在腾讯的发展
27,可信前端之路-代码保护
94,那些年搞不懂的术语、概念：协变、逆变、不变体
12,webp图片实践之路
11,.NET Core中的认证管理解析
30,自定义基于 VLC 的视频播放器
47,使用浏览器的计算力，对抗密码破解
31,Vue.js 和 MVVM 的小细节
24,编辑器背后的程序观
144,ASP.NET Core 之 Identity 入门（一）
171,随谈10年的技术生涯和技术成长
195,C# 在腾讯的发展
27,可信前端之路-代码保护
94,那些年搞不懂的术语、概念：协变、逆变、不变体
12,webp图片实践之路
30,自定义基于 VLC 的视频播放器
47,使用浏览器的计算力，对抗密码破解
31,Vue.js 和 MVVM 的小细节
24,编辑器背后的程序观
144,ASP.NET Core 之 Identity 入门（一）
171,随谈10年的技术生涯和技术成长
195,C# 在腾讯的发展
27,可信前端之路-代码保护
94,那些年搞不懂的术语、概念：协变、逆变、不变体
12,webp图片实践之路
11,.NET Core中的认证管理解析
152,先说IEnumerable，我们每天用的foreach你真的懂它吗？
475,你必须知道的EF知识和经验
152,先说IEnumerable，我们每天用的foreach你真的懂它吗？
475,你必须知道的EF知识和经验
152,先说IEnumerable，我们每天用的foreach你真的懂它吗？
475,你必须知道的EF知识和经验
152,先说IEnumerable，我们每天用的foreach你真的懂它吗？
475,你必须知道的EF知识和经验
152,先说IEnumerable，我们每天用的foreach你真的懂它吗？
475,你必须知道的EF知识和经验
11,.NET Core中的认证管理解析
152,先说IEnumerable，我们每天用的foreach你真的懂它吗？
475,你必须知道的EF知识和经验
11,.NET Core中的认证管理解析
152,先说IEnumerable，我们每天用的foreach你真的懂它吗？
475,你必须知道的EF知识和经验
recom_num,title
4,app开发：模拟服务器数据接口 - MockApi
34,记录服务上线一年来的点点滴滴
27,架构随聊
41,谈谈敏捷开发
73,最近帮客户实施的基于SQL Server AlwaysOn跨机房切换项目
116,单点登录原理与简单实现
24,即时通信服务器架构的一些思考
30,自定义基于 VLC 的视频播放器
47,使用浏览器的计算力，对抗密码破解
31,Vue.js 和 MVVM 的小细节
24,编辑器背后的程序观
144,ASP.NET Core 之 Identity 入门（一）
171,随谈10年的技术生涯和技术成长
195,C# 在腾讯的发展
27,可信前端之路-代码保护
94,那些年搞不懂的术语、概念：协变、逆变、不变体
12,webp图片实践之路
11,.NET Core中的认证管理解析
152,先说IEnumerable，我们每天用的foreach你真的懂它吗？
475,你必须知道的EF知识和经验
4,app开发：模拟服务器数据接口 - MockApi
34,记录服务上线一年来的点点滴滴
27,架构随聊
41,谈谈敏捷开发
73,最近帮客户实施的基于SQL Server AlwaysOn跨机房切换项目
116,单点登录原理与简单实现
24,即时通信服务器架构的一些思考
4,app开发：模拟服务器数据接口 - MockApi
34,记录服务上线一年来的点点滴滴
27,架构随聊
41,谈谈敏捷开发
73,最近帮客户实施的基于SQL Server AlwaysOn跨机房切换项目
116,单点登录原理与简单实现
24,即时通信服务器架构的一些思考
30,自定义基于 VLC 的视频播放器
47,使用浏览器的计算力，对抗密码破解
31,Vue.js 和 MVVM 的小细节
24,编辑器背后的程序观
144,ASP.NET Core 之 Identity 入门（一）
171,随谈10年的技术生涯和技术成长
195,C# 在腾讯的发展
27,可信前端之路-代码保护
94,那些年搞不懂的术语、概念：协变、逆变、不变体
12,webp图片实践之路
30,自定义基于 VLC 的视频播放器
47,使用浏览器的计算力，对抗密码破解
31,Vue.js 和 MVVM 的小细节
24,编辑器背后的程序观
144,ASP.NET Core 之 Identity 入门（一）
171,随谈10年的技术生涯和技术成长
195,C# 在腾讯的发展
27,可信前端之路-代码保护
94,那些年搞不懂的术语、概念：协变、逆变、不变体
12,webp图片实践之路
4,app开发：模拟服务器数据接口 - MockApi
34,记录服务上线一年来的点点滴滴
27,架构随聊
41,谈谈敏捷开发
73,最近帮客户实施的基于SQL Server AlwaysOn跨机房切换项目
116,单点登录原理与简单实现
24,即时通信服务器架构的一些思考
4,app开发：模拟服务器数据接口 - MockApi
34,记录服务上线一年来的点点滴滴
27,架构随聊
41,谈谈敏捷开发
73,最近帮客户实施的基于SQL Server AlwaysOn跨机房切换项目
116,单点登录原理与简单实现
24,即时通信服务器架构的一些思考
11,.NET Core中的认证管理解析
152,先说IEnumerable，我们每天用的foreach你真的懂它吗？
475,你必须知道的EF知识和经验
11,.NET Core中的认证管理解析
152,先说IEnumerable，我们每天用的foreach你真的懂它吗？
475,你必须知道的EF知识和经验
30,自定义基于 VLC 的视频播放器
47,使用浏览器的计算力，对抗密码破解
31,Vue.js 和 MVVM 的小细节
24,编辑器背后的程序观
144,ASP.NET Core 之 Identity 入门（一）
171,随谈10年的技术生涯和技术成长
195,C# 在腾讯的发展
27,可信前端之路-代码保护
94,那些年搞不懂的术语、概念：协变、逆变、不变体
12,webp图片实践之路
30,自定义基于 VLC 的视频播放器
47,使用浏览器的计算力，对抗密码破解
31,Vue.js 和 MVVM 的小细节
24,编辑器背后的程序观
144,ASP.NET Core 之 Identity 入门（一）
171,随谈10年的技术生涯和技术成长
195,C# 在腾讯的发展
27,可信前端之路-代码保护
94,那些年搞不懂的术语、概念：协变、逆变、不变体
12,webp图片实践之路
4,app开发：模拟服务器数据接口 - MockApi
34,记录服务上线一年来的点点滴滴
27,架构随聊
41,谈谈敏捷开发
73,最近帮客户实施的基于SQL Server AlwaysOn跨机房切换项目
116,单点登录原理与简单实现
24,即时通信服务器架构的一些思考
4,app开发：模拟服务器数据接口 - MockApi
34,记录服务上线一年来的点点滴滴
27,架构随聊
41,谈谈敏捷开发
73,最近帮客户实施的基于SQL Server AlwaysOn跨机房切换项目
116,单点登录原理与简单实现
24,即时通信服务器架构的一些思考
4,app开发：模拟服务器数据接口 - MockApi
34,记录服务上线一年来的点点滴滴
27,架构随聊
41,谈谈敏捷开发
73,最近帮客户实施的基于SQL Server AlwaysOn跨机房切换项目
116,单点登录原理与简单实现
11,.NET Core中的认证管理解析
152,先说IEnumerable，我们每天用的foreach你真的懂它吗？
475,你必须知道的EF知识和经验
4,app开发：模拟服务器数据接口 - MockApi
34,记录服务上线一年来的点点滴滴
27,架构随聊
41,谈谈敏捷开发
73,最近帮客户实施的基于SQL Server AlwaysOn跨机房切换项目
116,单点登录原理与简单实现
4,app开发：模拟服务器数据接口 - MockApi
34,记录服务上线一年来的点点滴滴
27,架构随聊
41,谈谈敏捷开发
73,最近帮客户实施的基于SQL Server AlwaysOn跨机房切换项目
116,单点登录原理与简单实现
24,即时通信服务器架构的一些思考
4,app开发：模拟服务器数据接口 - MockApi
34,记录服务上线一年来的点点滴滴
27,架构随聊
41,谈谈敏捷开发
73,最近帮客户实施的基于SQL Server AlwaysOn跨机房切换项目
116,单点登录原理与简单实现
24,即时通信服务器架构的一些思考
11,.NET Core中的认证管理解析
152,先说IEnumerable，我们每天用的foreach你真的懂它吗？
475,你必须知道的EF知识和经验
30,自定义基于 VLC 的视频播放器
47,使用浏览器的计算力，对抗密码破解
31,Vue.js 和 MVVM 的小细节
24,编辑器背后的程序观
144,ASP.NET Core 之 Identity 入门（一）
171,随谈10年的技术生涯和技术成长
195,C# 在腾讯的发展
27,可信前端之路-代码保护
94,那些年搞不懂的术语、概念：协变、逆变、不变体
12,webp图片实践之路
30,自定义基于 VLC 的视频播放器
47,使用浏览器的计算力，对抗密码破解
31,Vue.js 和 MVVM 的小细节
24,编辑器背后的程序观
144,ASP.NET Core 之 Identity 入门（一）
171,随谈10年的技术生涯和技术成长
195,C# 在腾讯的发展
27,可信前端之路-代码保护
94,那些年搞不懂的术语、概念：协变、逆变、不变体
12,webp图片实践之路
4,app开发：模拟服务器数据接口 - MockApi
34,记录服务上线一年来的点点滴滴
27,架构随聊
41,谈谈敏捷开发
73,最近帮客户实施的基于SQL Server AlwaysOn跨机房切换项目
116,单点登录原理与简单实现
24,即时通信服务器架构的一些思考
4,app开发：模拟服务器数据接口 - MockApi
34,记录服务上线一年来的点点滴滴
27,架构随聊
41,谈谈敏捷开发
73,最近帮客户实施的基于SQL Server AlwaysOn跨机房切换项目
116,单点登录原理与简单实现
24,即时通信服务器架构的一些思考
24,即时通信服务器架构的一些思考
30,自定义基于 VLC 的视频播放器
47,使用浏览器的计算力，对抗密码破解
31,Vue.js 和 MVVM 的小细节
24,编辑器背后的程序观
144,ASP.NET Core 之 Identity 入门（一）
171,随谈10年的技术生涯和技术成长
195,C# 在腾讯的发展
27,可信前端之路-代码保护
94,那些年搞不懂的术语、概念：协变、逆变、不变体
24,即时通信服务器架构的一些思考
30,自定义基于 VLC 的视频播放器
47,使用浏览器的计算力，对抗密码破解
31,Vue.js 和 MVVM 的小细节
24,编辑器背后的程序观
144,ASP.NET Core 之 Identity 入门（一）
171,随谈10年的技术生涯和技术成长
195,C# 在腾讯的发展
27,可信前端之路-代码保护
94,那些年搞不懂的术语、概念：协变、逆变、不变体
30,自定义基于 VLC 的视频播放器
47,使用浏览器的计算力，对抗密码破解
31,Vue.js 和 MVVM 的小细节
24,编辑器背后的程序观
144,ASP.NET Core 之 Identity 入门（一）
171,随谈10年的技术生涯和技术成长
195,C# 在腾讯的发展
27,可信前端之路-代码保护
94,那些年搞不懂的术语、概念：协变、逆变、不变体
12,webp图片实践之路
30,自定义基于 VLC 的视频播放器
47,使用浏览器的计算力，对抗密码破解
31,Vue.js 和 MVVM 的小细节
24,编辑器背后的程序观
144,ASP.NET Core 之 Identity 入门（一）
171,随谈10年的技术生涯和技术成长
195,C# 在腾讯的发展
27,可信前端之路-代码保护
94,那些年搞不懂的术语、概念：协变、逆变、不变体
11,.NET Core中的认证管理解析
152,先说IEnumerable，我们每天用的foreach你真的懂它吗？
475,你必须知道的EF知识和经验
11,.NET Core中的认证管理解析
152,先说IEnumerable，我们每天用的foreach你真的懂它吗？
475,你必须知道的EF知识和经验
30,自定义基于 VLC 的视频播放器
47,使用浏览器的计算力，对抗密码破解
31,Vue.js 和 MVVM 的小细节
24,编辑器背后的程序观
144,ASP.NET Core 之 Identity 入门（一）
171,随谈10年的技术生涯和技术成长
195,C# 在腾讯的发展
27,可信前端之路-代码保护
94,那些年搞不懂的术语、概念：协变、逆变、不变体
12,webp图片实践之路
30,自定义基于 VLC 的视频播放器
47,使用浏览器的计算力，对抗密码破解
31,Vue.js 和 MVVM 的小细节
24,编辑器背后的程序观
144,ASP.NET Core 之 Identity 入门（一）
171,随谈10年的技术生涯和技术成长
195,C# 在腾讯的发展
27,可信前端之路-代码保护
94,那些年搞不懂的术语、概念：协变、逆变、不变体
12,webp图片实践之路
12,webp图片实践之路
11,.NET Core中的认证管理解析
152,先说IEnumerable，我们每天用的foreach你真的懂它吗？
475,你必须知道的EF知识和经验
4,app开发：模拟服务器数据接口 - MockApi
34,记录服务上线一年来的点点滴滴
27,架构随聊
41,谈谈敏捷开发
73,最近帮客户实施的基于SQL Server AlwaysOn跨机房切换项目
116,单点登录原理与简单实现
24,即时通信服务器架构的一些思考
4,app开发：模拟服务器数据接口 - MockApi
34,记录服务上线一年来的点点滴滴
27,架构随聊
41,谈谈敏捷开发
73,最近帮客户实施的基于SQL Server AlwaysOn跨机房切换项目
116,单点登录原理与简单实现
24,即时通信服务器架构的一些思考
4,app开发：模拟服务器数据接口 - MockApi
34,记录服务上线一年来的点点滴滴
27,架构随聊
41,谈谈敏捷开发
73,最近帮客户实施的基于SQL Server AlwaysOn跨机房切换项目
116,单点登录原理与简单实现
24,即时通信服务器架构的一些思考
4,app开发：模拟服务器数据接口 - MockApi
34,记录服务上线一年来的点点滴滴
27,架构随聊
41,谈谈敏捷开发
73,最近帮客户实施的基于SQL Server AlwaysOn跨机房切换项目
116,单点登录原理与简单实现
24,即时通信服务器架构的一些思考
4,app开发：模拟服务器数据接口 - MockApi
34,记录服务上线一年来的点点滴滴
27,架构随聊
41,谈谈敏捷开发
73,最近帮客户实施的基于SQL Server AlwaysOn跨机房切换项目
116,单点登录原理与简单实现
24,即时通信服务器架构的一些思考
30,自定义基于 VLC 的视频播放器
4,app开发：模拟服务器数据接口 - MockApi
34,记录服务上线一年来的点点滴滴
27,架构随聊
41,谈谈敏捷开发
73,最近帮客户实施的基于SQL Server AlwaysOn跨机房切换项目
116,单点登录原理与简单实现
12,webp图片实践之路
11,.NET Core中的认证管理解析
152,先说IEnumerable，我们每天用的foreach你真的懂它吗？
475,你必须知道的EF知识和经验
4,app开发：模拟服务器数据接口 - MockApi
34,记录服务上线一年来的点点滴滴
27,架构随聊
41,谈谈敏捷开发
73,最近帮客户实施的基于SQL Server AlwaysOn跨机房切换项目
116,单点登录原理与简单实现
24,即时通信服务器架构的一些思考
11,.NET Core中的认证管理解析
152,先说IEnumerable，我们每天用的foreach你真的懂它吗？
475,你必须知道的EF知识和经验
12,webp图片实践之路
11,.NET Core中的认证管理解析
152,先说IEnumerable，我们每天用的foreach你真的懂它吗？
475,你必须知道的EF知识和经验
11,.NET Core中的认证管理解析
152,先说IEnumerable，我们每天用的foreach你真的懂它吗？
475,你必须知道的EF知识和经验
11,.NET Core中的认证管理解析
152,先说IEnumerable，我们每天用的foreach你真的懂它吗？
475,你必须知道的EF知识和经验
30,自定义基于 VLC 的视频播放器
47,使用浏览器的计算力，对抗密码破解
31,Vue.js 和 MVVM 的小细节
24,编辑器背后的程序观
144,ASP.NET Core 之 Identity 入门（一）
171,随谈10年的技术生涯和技术成长
195,C# 在腾讯的发展
27,可信前端之路-代码保护
94,那些年搞不懂的术语、概念：协变、逆变、不变体
12,webp图片实践之路
11,.NET Core中的认证管理解析
30,自定义基于 VLC 的视频播放器
47,使用浏览器的计算力，对抗密码破解
31,Vue.js 和 MVVM 的小细节
24,编辑器背后的程序观
144,ASP.NET Core 之 Identity 入门（一）
171,随谈10年的技术生涯和技术成长
195,C# 在腾讯的发展
27,可信前端之路-代码保护
94,那些年搞不懂的术语、概念：协变、逆变、不变体
12,webp图片实践之路
30,自定义基于 VLC 的视频播放器
47,使用浏览器的计算力，对抗密码破解
31,Vue.js 和 MVVM 的小细节
24,编辑器背后的程序观
144,ASP.NET Core 之 Identity 入门（一）
171,随谈10年的技术生涯和技术成长
195,C# 在腾讯的发展
27,可信前端之路-代码保护
94,那些年搞不懂的术语、概念：协变、逆变、不变体
12,webp图片实践之路
11,.NET Core中的认证管理解析
30,自定义基于 VLC 的视频播放器
47,使用浏览器的计算力，对抗密码破解
31,Vue.js 和 MVVM 的小细节
24,编辑器背后的程序观
144,ASP.NET Core 之 Identity 入门（一）
171,随谈10年的技术生涯和技术成长
195,C# 在腾讯的发展
27,可信前端之路-代码保护
94,那些年搞不懂的术语、概念：协变、逆变、不变体
12,webp图片实践之路
11,.NET Core中的认证管理解析
47,使用浏览器的计算力，对抗密码破解
31,Vue.js 和 MVVM 的小细节
24,编辑器背后的程序观
144,ASP.NET Core 之 Identity 入门（一）
171,随谈10年的技术生涯和技术成长
195,C# 在腾讯的发展
27,可信前端之路-代码保护
94,那些年搞不懂的术语、概念：协变、逆变、不变体
12,webp图片实践之路
11,.NET Core中的认证管理解析
152,先说IEnumerable，我们每天用的foreach你真的懂它吗？
24,即时通信服务器架构的一些思考
30,自定义基于 VLC 的视频播放器
47,使用浏览器的计算力，对抗密码破解
31,Vue.js 和 MVVM 的小细节
24,编辑器背后的程序观
144,ASP.NET Core 之 Identity 入门（一）
171,随谈10年的技术生涯和技术成长
195,C# 在腾讯的发展
27,可信前端之路-代码保护
94,那些年搞不懂的术语、概念：协变、逆变、不变体
12,webp图片实践之路
11,.NET Core中的认证管理解析
30,自定义基于 VLC 的视频播放器
47,使用浏览器的计算力，对抗密码破解
31,Vue.js 和 MVVM 的小细节
24,编辑器背后的程序观
144,ASP.NET Core 之 Identity 入门（一）
171,随谈10年的技术生涯和技术成长
195,C# 在腾讯的发展
27,可信前端之路-代码保护
94,那些年搞不懂的术语、概念：协变、逆变、不变体
12,webp图片实践之路
11,.NET Core中的认证管理解析
152,先说IEnumerable，我们每天用的foreach你真的懂它吗？
475,你必须知道的EF知识和经验
11,.NET Core中的认证管理解析
152,先说IEnumerable，我们每天用的foreach你真的懂它吗？
475,你必须知道的EF知识和经验
152,先说IEnumerable，我们每天用的foreach你真的懂它吗？
475,你必须知道的EF知识和经验
152,先说IEnumerable，我们每天用的foreach你真的懂它吗？
475,你必须知道的EF知识和经验
475,你必须知道的EF知识和经验
152,先说IEnumerable，我们每天用的foreach你真的懂它吗？
475,你必须知道的EF知识和经验
152,先说IEnumerable，我们每天用的foreach你真的懂它吗？
475,你必须知道的EF知识和经验
